{
  "model_type": "classification",
  "best_model": "Random Forest",
  "metrics": {
    "random_forest": {
      "accuracy": 0.9944518791123007,
      "precision": 1.0,
      "recall": 0.9941599413059428,
      "f1": 0.9970714191108299,
      "auc": 0.998297643194636
    },
    "logistic_regression": {
      "accuracy": 0.9156908665105387,
      "precision": 1.0,
      "recall": 0.9112545854732208,
      "f1": 0.9535669317937536,
      "auc": 0.99470735422952
    },
    "xgboost": {
      "accuracy": 0.9936433589829374,
      "precision": 1.0,
      "recall": 0.9933088774761556,
      "f1": 0.9966432083860899,
      "auc": 0.997952058608946
    }
  },
  "oai_metrics": {
    "standard_auc": 0.998297643194636,
    "oai_auc": 0.9778366591525943
  },
  "feature_count": 19,
  "test_size": 35868,
  "class_distribution": {
    "1": 170374,
    "0": 8964
  }
}